title,channel,views,likes,comments,publish_date,trending_date,category_id,category_name
The Fantastic Four: First Steps | Official Trailer | Only in Theaters July 25,Marvel Entertainment,5628470,283935,20200,2025-04-17 14:00:08+00:00,2025-04-17 14:50:46.885658,24,Entertainment
28 YEARS LATER - New Trailer,Sony Pictures Entertainment,2446163,99260,7191,2025-04-17 07:01:06+00:00,2025-04-17 14:50:46.885792,1,Film & Animation
Khlo√© Kardashian: I‚Äôm Done with NBA Players (Full Episode),Call Her Daddy,1125019,28653,3582,2025-04-16 09:00:50+00:00,2025-04-17 14:50:46.885809,24,Entertainment
√Ångela Aguilar - Nadie Se Va Como Lleg√≥ (Video Oficial),Angela Aguilar Oficial,845766,40591,11070,2025-04-17 00:00:06+00:00,2025-04-17 14:50:46.885819,10,Music
Marvel Studios‚Äô Thunderbolts* | Final Trailer | In Theaters May 2,Marvel Entertainment,2752633,100184,5485,2025-04-16 19:00:01+00:00,2025-04-17 14:50:46.885828,24,Entertainment
Real Madrid vs. Arsenal: Extended Highlights | UCL Quarter-final Leg 2 | CBS Sports Golazo,CBS Sports Golazo,973788,13067,2318,2025-04-16 21:53:05+00:00,2025-04-17 14:50:46.885837,17,Sports
60 Things AMP Can‚Äôt Live Without | 10 Essentials,GQ,1384084,53186,2015,2025-04-16 16:00:14+00:00,2025-04-17 14:50:46.885845,24,Entertainment
mgk - Empty Out Your Pockets (Juice WRLD) x Boulevard of Broken Dreams (Green Day),mgk,429825,46450,3921,2025-04-16 19:35:48+00:00,2025-04-17 14:50:46.885853,10,Music
She Will,Lil Wayne - Topic,320484,5160,1818,2025-04-16 04:03:10+00:00,2025-04-17 14:50:46.885861,10,Music
Meri Brown Tells All: Where She Stands With Kody and The Other Wives,Tamron Hall Show,154990,3183,382,2025-04-16 21:30:08+00:00,2025-04-17 14:50:46.885869,24,Entertainment
i'm back... again...,Markiplier,1468859,176533,11017,2025-04-16 23:15:22+00:00,2025-04-17 14:50:46.885884,20,Gaming
Public School In The 90's - Part 3,brewstewfilms,284952,21414,2013,2025-04-16 22:10:11+00:00,2025-04-17 14:50:46.885897,23,Comedy
Trick Your Brain into Feeling Pain,William Osman,405302,31895,2634,2025-04-16 21:56:05+00:00,2025-04-17 14:50:46.885905,28,Science & Technology
Exclusive: Former Sister Wife Meri Brown Reunites with Tamron Hall,Tamron Hall Show,82095,2636,202,2025-04-16 21:00:42+00:00,2025-04-17 14:50:46.885913,24,Entertainment
That was Inconvenient,Millennial Farmer,195461,18681,244,2025-04-16 20:02:14+00:00,2025-04-17 14:50:46.885921,22,People & Blogs
important announcement - gawr gura,Gawr Gura Ch. hololive-EN,2669619,235350,30185,2025-04-16 02:39:57+00:00,2025-04-17 14:50:46.885929,20,Gaming
HIGHLIGHTS - Real Madrid vs Arsenal | UEFA Champions League - 4tos Final 2025 | TUDN,TUDN USA,739113,7694,1250,2025-04-16 21:20:05+00:00,2025-04-17 14:50:46.885937,17,Sports
JENNIE - like JENNIE - Live at Coachella 2025,Coachella,1602257,103630,3994,2025-04-16 20:59:08+00:00,2025-04-17 14:50:46.885946,10,Music
THE ROSES | Official Trailer | Searchlight Pictures,SearchlightPictures,2992601,8428,693,2025-04-16 13:10:58+00:00,2025-04-17 14:50:46.885954,24,Entertainment
RNB.FOEMOB - Texas [Official Music Video],RNB.FOEMOB,42519,4391,436,2025-04-16 19:00:28+00:00,2025-04-17 14:50:46.885961,10,Music
"United flight makes emergency landing after apparent rabbit strike, video shows engine fire",ABC 7 Chicago,70845,169,109,2025-04-16 15:26:09+00:00,2025-04-17 14:50:46.885970,25,News & Politics
China Refuses to Negotiate with Trump Over Tariffs,WRAL,384018,3286,2814,2025-04-16 17:52:51+00:00,2025-04-17 14:50:46.885978,25,News & Politics
Mario Kart World Direct 4.17.2025,Nintendo of America,1476060,64267,12531,2025-04-17 13:22:28+00:00,2025-04-17 14:50:46.885986,20,Gaming
FIGHT NIGHT VLOG: Unseen Footage From Paddy The Baddy's STATEMENT WIN at UFC 314,Paddy The Baddy,647833,28336,2190,2025-04-16 14:28:50+00:00,2025-04-17 14:50:46.885994,17,Sports
"Colossal Squid, 1st Live Observation | Searching for New Species in the South Sandwich Islands",Schmidt Ocean,1438123,13743,695,2025-04-15 20:04:09+00:00,2025-04-17 14:50:46.886002,28,Science & Technology
Inter vs. Bayern: Extended Highlights | UCL Quarter-final Leg 2 | CBS Sports Golazo,CBS Sports Golazo,747172,8069,651,2025-04-16 21:32:35+00:00,2025-04-17 14:50:46.886010,17,Sports
True Facts: The Bizarre Magic of Water Walkers,Ze Frank,270641,28382,799,2025-04-16 15:00:28+00:00,2025-04-17 14:50:46.886056,15,Pets & Animals
WE'RE HAVING A....,Lauren & Arie,124991,3909,347,2025-04-16 23:23:36+00:00,2025-04-17 14:50:46.886069,24,Entertainment
The Crew Reacts to the Warriors Win Over Memphis üò§ | NBA on TNT,NBA on TNT,694311,8669,1481,2025-04-16 05:36:29+00:00,2025-04-17 14:50:46.886078,17,Sports
Jarahn - Kik Osem Kava (Audio),Jarahn,53715,1293,235,2025-04-10 12:00:31+00:00,2025-04-17 14:50:46.886086,10,Music
And Just Like That... Season 3 | Official Trailer | Max,Max,959668,6951,964,2025-04-15 17:03:23+00:00,2025-04-17 14:50:46.886095,24,Entertainment
LegalEagle's Devin Stone Answers Criminal Law Questions | Tech Support | WIRED,WIRED,914293,37247,2431,2025-04-15 16:00:08+00:00,2025-04-17 14:50:46.886107,24,Entertainment
Mario Kart World Direct ‚Äì 17/04/2025,Nintendo UK,165804,5039,882,2025-04-17 13:26:48+00:00,2025-04-17 14:50:46.886115,20,Gaming
Finding Out I'm Pregnant!,Taylor & Soph,216755,9115,605,2025-04-15 21:00:05+00:00,2025-04-17 14:50:46.886127,22,People & Blogs
What I Saw in Antarctica,StarTalk,1589022,56169,4701,2025-04-15 18:43:08+00:00,2025-04-17 14:50:46.886135,28,Science & Technology
KIOSK,Markiplier,2144185,123528,6550,2025-04-14 23:30:07+00:00,2025-04-17 14:50:46.886143,20,Gaming
"First Shirt I Hit, I Watch LIVE",Chuffsters,73519,3144,401,2025-04-17 14:30:33+00:00,2025-04-17 14:50:46.886151,24,Entertainment
Seafood Boil Mukbang 900K Special,Slushy Noobz,543374,57704,4411,2025-04-15 21:00:23+00:00,2025-04-17 14:50:46.886159,20,Gaming
My next purchase (it's minimalist friendly!),The Minimal Mom,236666,13987,1895,2025-04-15 19:40:46+00:00,2025-04-17 14:50:46.886167,26,Howto & Style
6 GAYS VS 1 STRAIGHT (ODD ONE OUT),LARRAY,968665,64640,4595,2025-04-15 00:01:42+00:00,2025-04-17 14:50:46.886175,22,People & Blogs
"1,000,000 Villager MANHUNT",Grox,12811086,457978,58197,2025-04-13 18:06:55+00:00,2025-04-17 14:50:46.886183,20,Gaming
Overnight on Moldova's Worst Sleeper Train,Simon Wilson,285302,10917,680,2025-04-16 17:42:27+00:00,2025-04-17 14:50:46.886198,22,People & Blogs
"solo parenting, making sourdough & juggling 3 kids | week in the life vlog",Sarahs Day,95832,4184,185,2025-04-17 00:54:43+00:00,2025-04-17 14:50:46.886207,22,People & Blogs
5 Terrible Reasons Not to Switch to Mint Mobile (and two good ones),hankschannel,533367,28803,7324,2025-04-15 22:31:06+00:00,2025-04-17 14:50:46.886218,22,People & Blogs
THE MOMENT ARSENAL KNOCK MADRID OUT CHAMPIONS LEAGUE,Thogden,292469,7783,517,2025-04-16 21:45:43+00:00,2025-04-17 14:50:46.886227,17,Sports
What if the sun suddenly went out?,xkcd's What If?,485742,34934,1756,2025-04-15 19:19:45+00:00,2025-04-17 14:50:46.886234,28,Science & Technology
The New Mike Tyson? Moses Itauma ‚Äî A Teen Prodigy with Brutal Power!  ...He‚Äôs Just Getting Started!,History of Boxing EN,3955475,37752,5262,2025-04-11 23:15:33+00:00,2025-04-17 14:50:46.886242,17,Sports
How the U.S. Found Saddam Hussein,neo,2581649,62386,3343,2025-04-14 16:16:00+00:00,2025-04-17 14:50:46.886250,24,Entertainment
"Will a CHEAP Bucket Truck still Run, Drive, and WORK after 10 YEARS??",Junkyard Digs,414533,31143,1588,2025-04-14 23:10:09+00:00,2025-04-17 14:50:46.886259,2,Autos & Vehicles
The Biggest Misconception In Physics,Veritasium,3946223,152925,9387,2025-04-14 16:31:04+00:00,2025-04-17 14:50:46.886266,27,Education
Ken Carson - Lord Of Chaos (Official Music Video),KenCarsonVEVO,786213,36224,2816,2025-04-14 22:00:06+00:00,2025-04-17 14:50:48.131095,10,Music
The Simple Secret of Runway Numbers,CGP Grey,1052456,83735,128,2025-04-14 19:47:51+00:00,2025-04-17 14:50:48.131147,24,Entertainment
Eddington | Official Teaser HD | A24,A24,975705,17932,1581,2025-04-14 13:01:27+00:00,2025-04-17 14:50:48.131165,1,Film & Animation
The Red Clay Strays & Zach Top - Where Corn Don't Grow (cover),Red Clay Strays,124179,3614,151,2025-04-14 22:00:06+00:00,2025-04-17 14:50:48.131179,10,Music
FULL REACTION üçø Arsenal advances past Real Madrid in UEFA Champions League | ESPN FC,ESPN FC,417846,6646,2271,2025-04-16 22:29:42+00:00,2025-04-17 14:50:48.131191,17,Sports
King Gizzard & The Lizard Wizard - Deadstick (Official Video),King Gizzard And The Lizard Wizard,173060,10856,958,2025-04-15 12:00:08+00:00,2025-04-17 14:50:48.131203,10,Music
Mario Judah - Never Again [Official Music Video],Mario Judah,426454,45257,4199,2025-04-14 18:46:43+00:00,2025-04-17 14:50:48.131214,10,Music
üö®Mel Kiper's FINAL 2025 MOCK DRAFT!üö®üò± | First Draft üèà,NFL on ESPN,466730,5003,1452,2025-04-14 16:07:50+00:00,2025-04-17 14:50:48.131227,17,Sports
ARSENAL ARE RUINING MY LIFE. | Real Madrid 1-2 Arsenal Match Reaction,MAH,88948,3749,881,2025-04-16 21:41:50+00:00,2025-04-17 14:50:48.131238,17,Sports
"""Warfare"" Cast Wars | Who Knows the Most About Each Other?",BuzzFeed Celeb,215093,13484,458,2025-04-14 19:55:34+00:00,2025-04-17 14:50:48.131249,24,Entertainment
I Tested Every YouTuber Tech Product,Mrwhosetheboss,3457035,122242,7459,2025-04-14 11:18:58+00:00,2025-04-17 14:50:48.131260,28,Science & Technology
"Stephen A., Shannon Sharpe & Dan-O get TENSE over Nico Iamaleava departure üçø | First Take",ESPN College Football,312169,2838,1517,2025-04-14 15:06:53+00:00,2025-04-17 14:50:48.131271,17,Sports
"Rory McIlroy gets emotional following Masters win, discusses sharing special moment with his caddie",CBS Sports,864082,8492,1465,2025-04-14 01:09:49+00:00,2025-04-17 14:50:48.131283,17,Sports
Trapped in a TINY ROOM With My Best Friend,Jordan Matter,14202966,182189,21335,2025-04-12 14:00:07+00:00,2025-04-17 14:50:48.131294,24,Entertainment
Vice President JD Vance drops Ohio State's national championship trophy at White House event,TheColumbusDispatch,125912,563,501,2025-04-14 19:47:59+00:00,2025-04-17 14:50:48.131305,17,Sports
Rory McIlroy‚Äôs Final Round | Every Single Shot | The 2025 Masters,The Masters,1364746,13215,802,2025-04-14 02:28:53+00:00,2025-04-17 14:50:48.131331,17,Sports
"Here, Tomorrow (ft Lilas, Kevin Penkin) - Spirit Blossom Beyond ‚Äò25 S2 Cinematic - League of Legends",League of Legends,5870603,103275,4102,2025-04-14 14:55:08+00:00,2025-04-17 14:50:48.131344,20,Gaming
„ÄêDRAGON BALL LEGENDS„Äë LEGENDS INFORMATION - April 2025,[Global] Bandai Namco Entertainment - Mobile Games,128785,0,653,2025-04-15 14:00:06+00:00,2025-04-17 14:50:48.131354,20,Gaming
Benson Boone (feat. Brian May) - Bohemian Rhapsody - Live at Coachella 2025,Coachella,947040,25347,1103,2025-04-15 02:12:59+00:00,2025-04-17 14:50:48.131364,10,Music
"LIVE: Blue Origin launches Katy Perry, Gayle King to space",Associated Press,479866,4111,2077,2025-04-14 14:34:32+00:00,2025-04-17 14:50:48.131379,25,News & Politics
8 People. 2 Beds. 6 Months at Sea... will this work?,Sailing La Vagabonde,292770,20044,1602,2025-04-14 21:01:37+00:00,2025-04-17 14:50:48.131391,19,Travel & Events
Saying Goodbye üíî,Rocky Kanaka,624176,35567,5895,2025-04-14 02:35:55+00:00,2025-04-17 14:50:48.131400,24,Entertainment
'He owes me nothing' - Benji hits back at Lachlan Galvin backlash üî• | Wests Tigers Press Conference,Fox League,126635,2025,593,2025-04-17 02:55:29+00:00,2025-04-17 14:50:48.131410,17,Sports
Death to Nickels,CGP Grey,1606408,114666,144,2025-04-13 22:06:57+00:00,2025-04-17 14:50:48.131419,24,Entertainment
"The Full Story: Thurston responds to ""ugly"" Leniu CONFRONTATION ü•ä I Super Saturday I Fox League",Fox League,171758,984,1053,2025-04-12 22:55:32+00:00,2025-04-17 14:50:48.131429,17,Sports
we need to talk...,Charlotte Dobre,898147,95850,9872,2025-04-14 16:00:14+00:00,2025-04-17 14:50:48.131438,24,Entertainment
Stadium Gameplay Trailer | Overwatch 2,PlayOverwatch,511204,27756,2886,2025-04-14 16:00:06+00:00,2025-04-17 14:50:48.131448,20,Gaming
"NHL Highlights | Hurricanes vs. Canadiens | April 16, 2025",NHL,126028,1463,262,2025-04-17 02:06:10+00:00,2025-04-17 14:50:48.131460,17,Sports
How NOT To Order At An Indian Restaurant! - Trevor Noah (From 'I Wish You Would' on Netflix),Trevor Noah,2764098,102599,3848,2025-04-13 14:00:06+00:00,2025-04-17 14:50:48.131470,23,Comedy
Surprising Our Friends with a DREAM Day!,Ryland vlogs,412905,19391,1502,2025-04-13 18:14:11+00:00,2025-04-17 14:50:48.131480,22,People & Blogs
Taskmaster Series 19 Official Trailer,Taskmaster,248439,6710,976,2025-04-16 14:00:38+00:00,2025-04-17 14:50:48.131490,23,Comedy
HIGHLIGHTS | WARATAHS v CHIEFS | Super Rugby Pacific 2025 | Round 9,SUPER RUGBY PACIFIC ,179339,2378,450,2025-04-11 11:51:00+00:00,2025-04-17 14:50:48.131499,17,Sports
HANDCUFFED TO MY BEST-FRIEND FOR 24 HOURS!,Nidal Wonder,3691327,62895,12055,2025-04-12 14:32:06+00:00,2025-04-17 14:50:48.131509,24,Entertainment
I Created Minecraft's Strongest Civilization,MinuteTech,906294,31682,2308,2025-04-13 16:00:30+00:00,2025-04-17 14:50:48.131518,20,Gaming
"Gayle King, all-women crew exit Blue Origin capsule after safe return to Earth",CBS Mornings,262107,1783,1523,2025-04-14 14:36:33+00:00,2025-04-17 14:50:48.131533,25,News & Politics
REBUILDING A WRECKED AUDI R8 I BOUGHT FOR MY FRIEND,Mat Armstrong MK2,2476763,114193,4237,2025-04-13 17:00:34+00:00,2025-04-17 14:50:48.131543,2,Autos & Vehicles
Bryson DeChambeau: Rory McIlroy wouldn't talk to me on Sunday | Live From the Masters | Golf Channel,Golf Channel,305023,1805,1143,2025-04-14 02:57:32+00:00,2025-04-17 14:50:48.131554,17,Sports
villain tier list,SocksStudios,669245,16919,2347,2025-04-13 18:43:58+00:00,2025-04-17 14:50:48.131563,23,Comedy
"The 2025 Playoffs Are Set, And I'm Excited...",Kenny For Real,469324,19260,1047,2025-04-14 01:09:47+00:00,2025-04-17 14:50:48.131573,17,Sports
After the Winning Putt | Rory McIlroy Captures His First Masters Win,The Masters,1158933,12252,1287,2025-04-14 00:04:57+00:00,2025-04-17 14:50:48.131582,17,Sports
I Beat Dead Rails with an ARMY of Werewolves,peach plays,1106896,17393,1762,2025-04-13 09:46:57+00:00,2025-04-17 14:50:48.131592,20,Gaming
HIGHLIGHTS: JARON ENNIS vs. EIMANTAS STANIONIS,DAZN Boxing,683286,13407,2793,2025-04-13 11:27:22+00:00,2025-04-17 14:50:48.131601,17,Sports
We Opened a 5 Star Hotel,Beta Squad,5466571,165140,11000,2025-04-12 17:00:00+00:00,2025-04-17 14:50:48.131611,24,Entertainment
the diabolical decline of Fisch.,theholygrail75,1566128,51731,4890,2025-04-13 16:00:59+00:00,2025-04-17 14:50:48.131622,20,Gaming
"Every Competition I Win, the Gymnast Gets Older",Anna McNulty,1860997,6626,1003,2025-04-12 13:00:03+00:00,2025-04-17 14:50:48.131632,24,Entertainment
"""Adversity is a Privilege"" | My Recap of UFC 314",Alexander Volkanovski,351159,22406,2507,2025-04-14 19:39:24+00:00,2025-04-17 14:50:48.131642,17,Sports
THE LAST OF US Season 1 Recap | Must Watch Before Season 2 | Series Explained,Recap & Chill,145213,1284,96,2025-04-12 14:00:46+00:00,2025-04-17 14:50:48.131651,24,Entertainment
‚ÄúWelcome to the Elite!‚Äù Paddy sends title warning with BRUTAL Chandler finish | Fox Sports Australia,FOX SPORTS AUSTRALIA,682565,8246,2572,2025-04-13 04:43:39+00:00,2025-04-17 14:50:48.131661,17,Sports
Kendrick Lamar & SZA - luther,KendrickLamarVEVO,12204388,899345,51146,2025-04-11 16:01:32+00:00,2025-04-17 14:50:48.131671,10,Music
I Tested VIRAL Tiktok CANDY You Won‚Äôt Believe,HopeScope,3003945,58227,3978,2025-04-12 14:30:15+00:00,2025-04-17 14:50:48.131680,26,Howto & Style
The Worst Date Of My Life,ChainsFR,1589139,87197,5657,2025-04-12 16:00:34+00:00,2025-04-17 14:50:49.331865,22,People & Blogs
SNEAKING NBA Legend Lou Williams Into A Park Run... (ft. Dwight Howard),D'Vontay Friga,1414539,46991,2436,2025-04-12 19:00:31+00:00,2025-04-17 14:50:49.331920,22,People & Blogs
Paddy Pimblett GOES OFF on Conor McGregor betting against him ‚ÄúIf he wants it HE CAN GET IT‚Äù,MMA Crazy,1131094,11683,4031,2025-04-13 06:40:08+00:00,2025-04-17 14:50:49.331938,17,Sports
Marathon | Reveal Cinematic Short,Marathon,1220421,85900,7262,2025-04-12 17:59:28+00:00,2025-04-17 14:50:49.331951,22,People & Blogs
How Not To Wear Summer Dresses Over 50: Fashion Mistakes Women Over 50 Make With Summer Dresses,Marie-Anne Lecoeur - The French Chic Expert,300119,7534,1023,2025-04-13 16:00:35+00:00,2025-04-17 14:50:49.331965,26,Howto & Style
Something About Mario Kart ANIMATED üöóüçÑüçÑüçÑüê¢,TerminalMontage,1813223,171536,11430,2025-04-12 15:16:27+00:00,2025-04-17 14:50:49.331979,20,Gaming
Israel Adesanya & Kamaru Usman React Cage Side To The INSANE UFC 314 Pay Per View,FREESTYLEBENDER,688613,20468,1263,2025-04-13 20:20:09+00:00,2025-04-17 14:50:49.331992,17,Sports
5 Lego Walkers vs 7 Obstacles,Brick Experiment Channel,2676555,25598,1185,2025-04-12 13:59:26+00:00,2025-04-17 14:50:49.332004,28,Science & Technology
I Built an Invisible Bed!,Drew Dirksen,781218,8315,646,2025-04-13 16:33:05+00:00,2025-04-17 14:50:49.332017,22,People & Blogs
"The ""Goat"" Who Lied to Everyone",TheOdd1sOut,2362913,130516,7178,2025-04-12 15:31:14+00:00,2025-04-17 14:50:49.332033,23,Comedy
Elephant Teaches 20 Lions That He's The King,Latest Sightings,3134830,22255,3367,2025-04-11 13:58:02+00:00,2025-04-17 14:50:49.332046,15,Pets & Animals
AMP STORAGE WARS,AMP,4430901,102346,4105,2025-04-11 21:00:01+00:00,2025-04-17 14:50:49.332058,24,Entertainment
Flying First Class to Our Dream Vacation!,The Royalty Family,4886966,66210,13881,2025-04-13 16:53:18+00:00,2025-04-17 14:50:49.332071,22,People & Blogs
The 2025 Green Jacket Ceremony | The Masters,The Masters,1255511,13431,1767,2025-04-14 01:58:38+00:00,2025-04-17 14:50:49.332083,17,Sports
Marathon | Gameplay Reveal Trailer,Marathon,848914,20816,6787,2025-04-12 17:06:13+00:00,2025-04-17 14:50:49.332095,22,People & Blogs
"„Äé„Çπ„ÉÜ„Ç£„Éº„É´„Éª„Éú„Éº„É´„Éª„É©„É≥ „Ç∏„Éß„Ç∏„Éß„ÅÆÂ•áÂ¶ô„Å™ÂÜíÈô∫„Äè ÁâπÂ†±Êò†ÂÉèÔºè""STEEL BALL RUN JoJo‚Äôs Bizarre Adventure"" Anime Announcement trailer",Warner Bros. Japan Anime,3926777,300865,21016,2025-04-12 11:50:24+00:00,2025-04-17 14:50:49.332107,1,Film & Animation
KFC As A Kid VS As An Adult,Fairbairn Films,248647,13568,703,2025-04-15 08:09:52+00:00,2025-04-17 14:50:49.332120,23,Comedy
GRAVITY UPDATE TRAILER + FRUIT SHOWCASE | Blox Fruits,Gamer Robot,6322874,278592,79860,2025-04-12 03:59:06+00:00,2025-04-17 14:50:49.332132,20,Gaming
OBBY But YOU'RE A FISH! (Roblox),Cutie The Bunny,529925,375,74,2025-04-06 13:15:03+00:00,2025-04-17 14:50:49.332145,20,Gaming
Dana White on Paddy Pimblett win over Michael Chandler; Volk getting belt back | Press Conference,TheMacLife,443346,5138,1227,2025-04-13 06:36:15+00:00,2025-04-17 14:50:49.332157,17,Sports
Marathon | Gameplay Overview Trailer,Marathon,794278,22850,6080,2025-04-12 17:15:33+00:00,2025-04-17 14:50:49.332171,22,People & Blogs
We Bought Every Ad We Saw,a bit more willne,712253,32844,1036,2025-04-15 16:00:07+00:00,2025-04-17 14:50:49.332183,23,Comedy
Paris-Roubaix 2025 - Extended Highlights,Tour de France,237772,4387,176,2025-04-13 18:16:34+00:00,2025-04-17 14:50:49.332196,17,Sports
I Got Married!!!,Kallmekris,1337476,151127,21582,2025-04-12 16:14:30+00:00,2025-04-17 14:50:49.332208,24,Entertainment
"DDG, DaBaby - MOTION (Official Music Video)",DDGVEVO,949123,59288,3484,2025-04-11 19:00:06+00:00,2025-04-17 14:50:49.332220,10,Music
Race Highlights | 2025 Bahrain Grand Prix,FORMULA 1,5725941,112162,4081,2025-04-13 17:37:29+00:00,2025-04-17 14:50:49.332232,17,Sports
Videos show shaking from 5.2 quake that struck near San Diego,KTLA 5,239445,2016,397,2025-04-14 18:53:15+00:00,2025-04-17 14:50:49.332244,25,News & Politics
Morgan Wallen - Just In Case (The Shop Sessions),Morgan Wallen,680205,22937,1048,2025-04-11 17:00:08+00:00,2025-04-17 14:50:49.332256,10,Music
THE POWER OF GIANT TREVALLY | island camping part 2,Reef Addicts,72076,3630,137,2025-04-15 06:00:36+00:00,2025-04-17 14:50:49.332269,24,Entertainment
This Toy Carved The Nicest Table I've Ever Made.,Fortress Fine Woodworks,2697522,65819,3387,2025-04-11 18:12:11+00:00,2025-04-17 14:50:49.332288,26,Howto & Style
Benny Soliven x Joe Maynor x Karen Mendoza - On Time (Official Music Video),Benny Soliven,278336,19651,1735,2025-04-12 02:29:35+00:00,2025-04-17 14:50:49.332302,10,Music
White Lotus' Aimee Lou Wood SLAMS SNL for Mocking Her Appearance and Accent,Entertainment Tonight,403130,2265,1535,2025-04-14 00:30:13+00:00,2025-04-17 14:50:49.332314,24,Entertainment
WE'RE PREGNANT!,Taylor & Soph,217336,12341,1019,2025-04-12 15:59:42+00:00,2025-04-17 14:50:49.332326,22,People & Blogs
I've bought the BEST Car in the WORLD!,Mat Watson Cars,1210450,42327,2544,2025-04-13 08:35:55+00:00,2025-04-17 14:50:49.332339,2,Autos & Vehicles
$300 ROBOT MAKES YOUR PERFECT MAKEUP ROUTINE?,James Charles,1438641,46555,2070,2025-04-11 19:02:29+00:00,2025-04-17 14:50:49.332352,24,Entertainment
"Quavo, Lil Baby - Legends",QuavoVEVO,1760841,74207,16004,2025-04-11 04:00:10+00:00,2025-04-17 14:50:49.332365,10,Music
Ghost - Lachryma (Official Music Video),GhostBCVEVO,3329834,169863,13223,2025-04-11 04:00:08+00:00,2025-04-17 14:50:49.332376,10,Music
Christian Nodal - Am√© (Video Oficial),ChristianNodalVEVO,4324216,126484,15191,2025-04-11 00:00:26+00:00,2025-04-17 14:50:49.332387,10,Music
Laufey Joins Brittany Broski's Royal Court,Royal Court,554680,44408,1395,2025-04-11 17:00:30+00:00,2025-04-17 14:50:49.332399,22,People & Blogs
WASTE OF TIME! NEWCASTLE 4-1 MAN UNITED GOLDBRIDGE MATCH REACTION,The United Stand,357714,6863,900,2025-04-13 18:09:04+00:00,2025-04-17 14:50:49.332411,17,Sports
Ken Carson - Off The Meter (ft.Playboi Carti & Destroy Lonely),Ken Carson,1376037,124690,10891,2025-04-11 04:53:59+00:00,2025-04-17 14:50:49.332423,22,People & Blogs
OK Go - Love (Official Video),OK Go,4004426,88660,3609,2025-04-11 14:00:08+00:00,2025-04-17 14:50:49.332435,10,Music
BEN STILLER | CHICKEN SHOP DATE,Amelia Dimoldenberg,1292405,50879,2025,2025-04-11 16:00:00+00:00,2025-04-17 14:50:49.332446,24,Entertainment
Jessie Murph - Blue Strips (Official Visualizer),JessieMurphVEVO,358492,9922,432,2025-04-11 04:00:00+00:00,2025-04-17 14:50:49.332457,10,Music
McMurtry Sp√©irling: The Fastest-Ever Top Gear Lap? | Stig Laps,Top Gear,1353276,31547,3460,2025-04-11 15:00:43+00:00,2025-04-17 14:50:49.332469,2,Autos & Vehicles
ARGENTINA vs. BRASIL [4-1] | RESUMEN | ELIMINATORIAS SUDAMERICANAS | FECHA 14,CONMEBOL,19745441,0,16697,2025-03-26 02:57:42+00:00,2025-04-17 14:50:49.332481,17,Sports
We bought Land in Japan,PewDiePie,2223222,128094,5812,2025-04-11 17:01:10+00:00,2025-04-17 14:50:49.332493,20,Gaming
Ronaldo scores a MAGNIFICENT brace to win it for Al Nassr üêê|Highlights presented by Visit Saudi,ÿßŸÑÿØŸàÿ±Ÿä ÿßŸÑÿ≥ÿπŸàÿØŸä ŸÑŸÑŸÖÿ≠ÿ™ÿ±ŸÅŸäŸÜ - Saudi Pro League,1024482,24444,1264,2025-04-12 20:43:44+00:00,2025-04-17 14:50:49.332504,17,Sports
Jelly Roll - Dreams Don't Die,Jelly Roll,358886,19498,1240,2025-04-11 04:00:51+00:00,2025-04-17 14:50:49.332529,10,Music
"Ford Raptor vs $1,000,000 Raptor T1+",BigTime,533003,29354,1444,2025-04-11 15:01:38+00:00,2025-04-17 14:50:49.332546,2,Autos & Vehicles
"Lana Del Rey - Henry, come on (Audio)",Lana Del Rey,2008984,195105,15006,2025-04-11 04:00:53+00:00,2025-04-17 14:50:50.586236,10,Music
A BRAND NEW FOOTBALL SIMULATOR!,MM7Games,604233,19907,324,2025-04-14 17:01:12+00:00,2025-04-17 14:50:50.586285,20,Gaming
Ken Carson - Money Spread (Official Music Video),KenCarsonVEVO,1076008,49736,4688,2025-04-11 04:00:06+00:00,2025-04-17 14:50:50.586300,10,Music
Lyon vs. Man. United: Extended Highlights | UEL Quarter-final Leg 1 | CBS Sports Golazo - Europe,CBS Sports Golazo - Europe,620382,5410,2008,2025-04-10 21:31:49+00:00,2025-04-17 14:50:50.586313,17,Sports
Why Are Gamers UPSET With The Switch 2?!,The Act Man,623193,31901,5622,2025-04-11 22:16:24+00:00,2025-04-17 14:50:50.586324,20,Gaming
Jack Black - Steve's Lava Chicken (Official Music Video) | A Minecraft Movie Soundtrack | WaterTower,WaterTower Music,10734257,150685,4208,2025-04-09 18:12:30+00:00,2025-04-17 14:50:50.586336,24,Entertainment
Every NEW CLASS Ranked From WORST To BEST in Dead Rails!,NotVarietyJay,690569,12820,1919,2025-04-11 23:00:38+00:00,2025-04-17 14:50:50.586346,20,Gaming
Paddy Pimblett Octagon Interview | UFC 314,UFC,725906,10175,1916,2025-04-13 04:37:20+00:00,2025-04-17 14:50:50.586357,17,Sports
Rauw Alejandro - Carita Linda (Official Video),Rauw Alejandro,4738860,78399,2964,2025-04-11 00:00:07+00:00,2025-04-17 14:50:50.586368,10,Music
GOLDBRIDGE Best Bits | Newcastle 4-1 Man United,Mark Goldbridge That's Entertainment!,238217,4953,763,2025-04-13 17:40:00+00:00,2025-04-17 14:50:50.586378,17,Sports
FloyyMenor - CHICA ATRACTIVA,FloyyMenor,2167331,83123,4466,2025-04-10 23:00:07+00:00,2025-04-17 14:50:50.586389,10,Music
Duke Dennis attempts to teach Kai Cenat & RaKai on how to do a backflip!,DukeDennis LIVE,645703,17482,848,2025-04-11 06:14:30+00:00,2025-04-17 14:50:50.586399,24,Entertainment
Zillionaire Doe - Set In Stone (Official Video),Zillionaire Doe ,657472,12464,812,2025-04-10 16:59:03+00:00,2025-04-17 14:50:50.586410,22,People & Blogs
Alexander Volkanovski Octagon Interview | UFC 314,UFC,782767,17678,1783,2025-04-13 05:29:40+00:00,2025-04-17 14:50:50.586420,17,Sports
"Justin Rose proud of 2025 Masters performance, says he played 'some of the finest golf' in career",CBS Sports,98683,974,210,2025-04-14 02:44:32+00:00,2025-04-17 14:50:50.586431,17,Sports
The World's Fittest High School ($95k/ year),Will Tennyson,2408834,67813,3555,2025-04-10 14:01:30+00:00,2025-04-17 14:50:50.586442,22,People & Blogs
G Herbo - Wayback (Official Video),G Herbo,1025225,30856,1666,2025-04-09 22:15:44+00:00,2025-04-17 14:50:50.586452,10,Music
A Dark Gambit | 2025 Season 1 Cinematic - League of Legends,League of Legends,2000905,116811,3762,2025-04-10 15:01:18+00:00,2025-04-17 14:50:50.586463,20,Gaming
"Paddy Pimblett recaps UFC 314 win vs. Michael Chandler, post-fight exchange with Colby Covington",ESPN MMA,402155,4812,1129,2025-04-13 06:22:53+00:00,2025-04-17 14:50:50.586473,17,Sports
We Modified Australia's CHEAPEST FORD FALCON V8,Mighty Car Mods,407685,19785,1166,2025-04-13 21:11:50+00:00,2025-04-17 14:50:50.586484,2,Autos & Vehicles
Fortnite x Adventure Time Intro,Fortnite,1143915,27332,1637,2025-04-11 16:13:12+00:00,2025-04-17 14:50:50.586494,22,People & Blogs
EVERY HERO CHANGE for Season 2: Hellfire Gala | Marvel Rivals,KarQ Marvel Rivals,292486,7806,1159,2025-04-11 11:16:11+00:00,2025-04-17 14:50:50.586505,20,Gaming
letting my followers CHOOSE MY NAIL SET!!,Louie's Life,182425,9109,475,2025-04-10 23:32:27+00:00,2025-04-17 14:50:50.586516,24,Entertainment
Amorim On The EDGE! Delap CHOOSES Chelsea? Man Utd Transfer News,The United Stand,175255,4348,595,2025-04-14 09:56:27+00:00,2025-04-17 14:50:50.586549,17,Sports
3 people killed and 1 injured when plane crashes in South Florida near a major highway,9NEWS,108429,210,81,2025-04-11 22:24:44+00:00,2025-04-17 14:50:50.586562,25,News & Politics
UFC 314 Press Conference Highlights | ESPN MMA,ESPN MMA,935961,11818,2429,2025-04-10 21:52:31+00:00,2025-04-17 14:50:50.586573,17,Sports
Street Fighter 6 - Elena Teaser Trailer,Street Fighter,619096,30058,4019,2025-04-10 23:01:03+00:00,2025-04-17 14:50:50.586583,20,Gaming
Twenty One Pilots - Doubt (demo),twenty one pilots,1792006,159070,8962,2025-04-09 21:29:01+00:00,2025-04-17 14:50:50.586607,10,Music
Murderbot ‚Äî Official Trailer | Apple TV+,Apple TV,2442433,50283,3793,2025-04-09 14:59:49+00:00,2025-04-17 14:50:50.586619,24,Entertainment
Rory McIlroy's four-year-old daughter Poppy sinks putt at Augusta,Guardian Sport,517088,1535,138,2025-04-09 23:47:58+00:00,2025-04-17 14:50:50.586628,17,Sports
ERNEST - Gettin' Gone (feat. Snoop Dogg) (Official Music Video),ERNESTVEVO,366234,14970,692,2025-04-09 17:00:03+00:00,2025-04-17 14:50:50.586638,10,Music
"We Tried ""Peanut Free"" Candy",Ethan Nestor,1071784,121437,5728,2025-04-09 22:08:17+00:00,2025-04-17 14:50:50.586648,24,Entertainment
WE'RE HOME! *MOVING BACK TO THE UK*,Elle Swift,306463,10288,1625,2025-04-13 09:02:21+00:00,2025-04-17 14:50:50.586657,22,People & Blogs
"He was Attacking Everyone, Then I Found Out Why ü•∫",Rocky Kanaka,1813371,64317,4996,2025-04-09 16:22:00+00:00,2025-04-17 14:50:50.586666,24,Entertainment
Dana White Reacts to Paddy Pimblett BEATING Michael Chandler ‚ÄúHe‚Äôs the REAL DEAL‚Äù UFC 314 Recap,MMA Crazy,156021,1112,276,2025-04-13 06:07:15+00:00,2025-04-17 14:50:50.586675,17,Sports
"""League Cup Semi-Final!"" | WE ARE YANITED #21",angryginge13,472101,13994,840,2025-04-12 11:01:31+00:00,2025-04-17 14:50:50.586684,17,Sports
Sheck Wes - ILMB (ft. Travis Scott),Sheck Wes,1566280,77525,2858,2025-04-09 23:00:47+00:00,2025-04-17 14:50:50.586693,10,Music
I Tested Every $1 Dollar Menu (USA Edition),Calfreezy,1120441,28173,903,2025-04-10 19:21:58+00:00,2025-04-17 14:50:50.586702,24,Entertainment
Calum Hood - Don't Forget You Love Me (Official Video),CalumHoodVEVO,217922,22503,2314,2025-04-10 14:00:06+00:00,2025-04-17 14:50:50.586710,10,Music
"LAKERS at MAVERICKS | FULL GAME HIGHLIGHTS | April 9, 2025",NBA,3066228,35039,3149,2025-04-10 02:29:29+00:00,2025-04-17 14:50:50.586719,17,Sports
Paul Pierce reacts to Luka‚Äôs dominant 45-point night in his emotional return to Dallas | SPEAK,SPEAK,215285,2586,601,2025-04-10 23:53:03+00:00,2025-04-17 14:50:50.586729,17,Sports
ONANA TO BLAME! LYON 2-2 MAN UNITED GOLDBRIDGE MATCH REACTION,The United Stand,374817,8647,829,2025-04-10 21:41:46+00:00,2025-04-17 14:50:50.586737,17,Sports
"They Didn't Make Dire Wolves, They Made Something‚Ä¶Else",hankschannel,2900094,123345,17203,2025-04-09 01:28:07+00:00,2025-04-17 14:50:50.586746,22,People & Blogs
Tiger Woods' Long Iron Clinic With Rory McIlroy and Scottie Scheffler,TaylorMade Golf,903179,15554,643,2025-04-09 13:54:34+00:00,2025-04-17 14:50:50.586755,17,Sports
Mario Kart Should Cost More,videogamedunkey,2213829,141779,6985,2025-04-09 19:30:07+00:00,2025-04-17 14:50:50.586764,20,Gaming
Australian Electricity Better than UK?!,ElectroBOOM,666501,35911,4603,2025-04-10 16:01:06+00:00,2025-04-17 14:50:50.586773,28,Science & Technology
WE ARE DONE | FAMILY VLOG | LIFE WITH ROYALTY,LIFE WITH ROYALTY,174718,4599,645,2025-04-09 19:00:06+00:00,2025-04-17 14:50:50.586791,22,People & Blogs
HIGHLIGHTS - Arsenal vs Real Madrid | UEFA Champions League - 4tos Final 24/25 | TUDN,TUDN USA,1246186,13920,1839,2025-04-08 21:11:01+00:00,2025-04-17 14:50:50.586800,17,Sports
I'm Sorry if my Optimism Upsets You! #TrumpTariffs,Millennial Farmer,353160,31169,2818,2025-04-09 22:38:29+00:00,2025-04-17 14:50:50.586809,22,People & Blogs
Ghost - Lachryma (Trailer),Ghost,224394,23914,1123,2025-04-09 16:21:23+00:00,2025-04-17 14:50:50.586819,24,Entertainment
